{"": {"Pos": [3.1098593944626236, 3.141592653589793, 0.0], "gap": 1.7453292519943295, "HamiVal": 