{"0": {"Pos": [0.0, 0.0, 3.141592653589793], "gap": 0.0, "HamiVal": [-2.449293598294707e-15, -2.449293598294707e-15, -2.4492935982947065e-15, -2.4492935982947065e-15, 2.4492935982947065e-15, 2.4492935982947065e-15, 2.449293598294707e-15, 2.449293598294707e-15]}, "1": {"Pos": [0.0, 0.022438802717971548, 3.141592653589793], "gap": 0.0, "HamiVal": [-0.002517288084074587, -0.002517288084074587, -0.002517288084074587, -0.002517288084074587, 0.002517288084074587, 0.002517288084074587, 0.002517288084074587, 0.002517288084074587]}, "2": {"Pos": [0.022438802717971548, 0.0, 3.141592653589793], "gap": 0.0, "HamiVal": [-0.002517288084074587, -0.002517288084074587, -0.002517288084074587, -0.002517288084074587, 0.002517288084074587, 0.002517288084074587, 0.002517288084074587, 0.002517288084074587]}}