{"": {"Pos": [3.1098593944626236, 3.141592653589793, 0.0], "gap": 1.7453292519943295, "HamiVal": [-3.0430729582081835, -2.071947772932267, -2.0199636909907803, -0.4253316902211166, 0.4253316902211158, 2.0199636909907803, 2.0719477729322673, 3.043072958208183]}}